"額定功率(W)","相關認證(註1)","備註","型號","廠牌","登錄有效期限","登錄編號","輸入電壓(V)","輸出電壓(V)"
"5000","PL104-PV0143","","RPI-H5","DELTA","2018-08-31","PL104-PV0143","200-1000","單相220"
"15000","PL103-PV0116","","RPI-M15","DELTA","2018-08-31","PL103-PV0116","200-1000","三相380"
"20000","PL103-PV0117","","RPI-M20","DELTA","2018-08-31","PL103-PV0117","200-1000","三相380"
"30000","PL103-PV0118","","RPI-M30","DELTA","2018-08-31","PL103-PV0118","200-1000","三相380"
"3000","PL104-PV0142","","RPI-H3","DELTA","2018-08-31","PL104-PV0142","125-550","單相220"
"15000","PL104-PV0145","","RPI-M15A","DELTA","2018-08-31","PL104-PV0145","200-1000","三相380"
"20000","PL104-PV0144","","RPI-M20A","DELTA","2018-08-31","PL104-PV0144","200-1000","三相380"
"3000","PL103-PV0040","","GSI-3000","Mean Well","2018-11-27","PL103-PV0040","125-500","單相220"
"3000","PL103-PV0041","","GSI-3000A","Mean Well","2018-11-27","PL103-PV0041","125-500","單相220"
"4600","PL103-PV0042","","GSI-4600","Mean Well","2018-11-27","PL103-PV0042","125-500","單相220"
"4600","PL103-PV0043","","GSI-4600A","Mean Well","2018-11-27","PL103-PV0043","125-500","單相220"
"4000","PL103-PV0093","","SLK-4000","POWERCOM","2018-05-09","PL103-PV0093","100-500","單相230"
"3000","PL103-PV0094","","SLK-3000","POWERCOM","2018-05-09","PL103-PV0094","100-500","單相230"
"2000","PL103-PV0095","","SLK-2000","POWERCOM","2018-05-09","PL103-PV0095","100-500","單相230"
"1500","PL103-PV0096","","SLK-1500","POWERCOM","2018-05-09","PL103-PV0096","100-500","單相230"
"220","PL103-PV0149","","MIG240UL00","Darfon","2018-09-24","PL103-PV0149","24-60","單相220"
"250","PL103-PV0150","","MIG300ULXX","Darfon","2018-09-24","PL103-PV0150","24-60","單相220"
"4600","PL104-PV0022","","GW4600-SS","GOODWE","2018-02-28","PL104-PV0022","125-580","單相230"
"4000","PL104-PV0023","","GW4000-SS","GOODWE","2018-02-28","PL104-PV0023","125-580","單相230"
"25000","PL104-PV0024","","GW25K-DT","GOODWE","2018-02-28","PL104-PV0024","250-1000","三相400"
"20000","PL104-PV0025","","GW20K-DT","GOODWE","2018-02-28","PL104-PV0025","250-1000","三相400"
"15000","PL104-PV0026","","GW15K-DT","GOODWE","2018-02-28","PL104-PV0026","250-1000","三相400"
"50000","PL104-PV0027","","RPI M50A_120","DELTA","2018-08-31","PL104-PV0027","200-1000","三相380"
"10000","PL104-PV0028","","RPI M10A","DELTA","2018-08-31","PL104-PV0028","200-1000","三相380"
"30000","PL104-PV0029","","30000TL3","Growatt","2018-12-28","PL104-PV0029","180-1000","三相230/400"
"33000","PL104-PV0030","","33000TL3","Growatt","2018-12-28","PL104-PV0030","180-1000","三相230/400"
"40000","PL104-PV0031","","40000TL3","Growatt","2018-12-28","PL104-PV0031","180-1000","三相277/480"
"17000","PL104-PV0036","","Powador 20.0TL3","KACO","2018-02-14","PL104-PV0036","250-1000","三相380"
"8000","PL104-PV0041","","SE8K","Solaredge","2018-03-12","PL104-PV0041","750-750","三相220"
"9000","PL104-PV0042","","SE9K","Solaredge","2018-03-12","PL104-PV0042","750-750","三相220"
"10000","PL104-PV0043","","SE10K","Solaredge","2018-03-12","PL104-PV0043","750-750","三相220"
"12500","PL104-PV0044","","SE12.5K","Solaredge","2018-03-12","PL104-PV0044","750-750","三相220"
"15000","PL104-PV0045","","SE15K","Solaredge","2018-03-12","PL104-PV0045","750-750","三相220"
"16000","PL104-PV0046","","SE16K","Solaredge","2018-03-12","PL104-PV0046","750-750","三相220"
"17000","PL104-PV0047","","SE17K","Solaredge","2018-03-12","PL104-PV0047","750-750","三相220"
"2200","PL104-PV0048","","SE2200","Solaredge","2018-03-12","PL104-PV0048","350-350","單相220"
"3000","PL104-PV0049","","SE3000","Solaredge","2018-03-12","PL104-PV0049","350-350","單相220"
"3500","PL104-PV0050","","SE3500","Solaredge","2018-03-12","PL104-PV0050","350-350","單相220"
"4000","PL104-PV0051","","SE4000","Solaredge","2018-03-12","PL104-PV0051","350-350","單相220"
"5000","PL104-PV0052","","SE5000","Solaredge","2018-03-12","PL104-PV0052","350-350","單相220"
"5000","PL104-PV0115","","PV-5000W-V","PrimeVOLT","2018-09-24","PL104-PV0115","100-580","單相220"
"6000","PL104-PV0116","","GW6000-DT","GOODWE","2018-02-28","PL104-PV0116","200-800","三相400"
"3000","PL104-PV0117","","GW3000-SS","GOODWE","2018-02-28","PL104-PV0117","125-500","單相230"
"500000","PL104-PV0126","","EQX0500UV320XN","Satcon","2018-02-06","PL104-PV0126","500-850","三相320"
"500000","PL104-PV0127","","EQX0500UV320XP","Satcon","2018-02-06","PL104-PV0127","500-850","三相320"
"630000","PL104-PV0128","","EQX0630UV360XN","Satcon","2018-02-06","PL104-PV0128","585-850","三相360"
"630000","PL104-PV0129","","EQX0630UV360XP","Satcon","2018-02-06","PL104-PV0129","585-850","三相360"
"100000","PL104-PV0130","","PVS-100","Satcon","2018-02-06","PL104-PV0130","315-600","三相480"
"250000","PL104-PV0131","","PVS-250","Satcon","2018-02-06","PL104-PV0131","320-600","三相480"
"500000","PL104-PV0132","","PVS-500-xfmrless","Satcon","2018-02-06","PL104-PV0132","320-600","三相200"
"10000","PL104-PV0139","","GW10K-DT","GOODWE","2018-02-28","PL104-PV0139","260-1000","三相400"
"3000","PL104-PV0142","","RPI-H3","DELTA","2018-08-31","PL104-PV0142","125-550","單相220"
"5000","PL104-PV0143","","RPI-H5","DELTA","2018-08-31","PL104-PV0143","200-1000","單相220"
"20000","PL104-PV0144","","RPI-M20A","DELTA","2018-08-31","PL104-PV0144","200-1000","三相380"
"15000","PL104-PV0145","","RPI-M15A","DELTA","2018-08-31","PL104-PV0145","200-1000","三相380"
"5000","PL104-PV0146","","PV-5000W-HV","PrimeVOLT","2018-09-24","PL104-PV0146","180-980","單相220"
"25600","PL104-PV0151","","ES25600HC","Ablerex","2018-03-28","PL104-PV0151","300-1000","三相230/400"
"3000","PL104-PV0152","","PV-3000N-V","PrimeVOLT","2018-09-24","PL104-PV0152","100-580","單相220"
"5000","PL104-PV0153","","Evershine TL5000-10","Zeversolar","2018-04-09","PL104-PV0153","125-520","單相230"
"3000","PL104-PV0154","","GW3000D-NS","GOODWE","2018-02-28","PL104-PV0154","80-580","單相230"
"3680","PL104-PV0155","","GW3600-NS","GOODWE","2018-02-28","PL104-PV0155","125-580","單相230"
"3680","PL104-PV0156","","GW3600D-NS","GOODWE","2018-02-28","PL104-PV0156","125-580","單相230"
"4200","PL104-PV0157","","GW4200-NS","GOODWE","2018-02-28","PL104-PV0157","125-580","單相230"
"4200","PL104-PV0158","","GW4200D-NS","GOODWE","2018-02-28","PL104-PV0158","125-580","單相230"
"5000","PL104-PV0159","","GW5000-NS","GOODWE","2018-02-28","PL104-PV0159","125-580","單相230"
"5000","PL104-PV0160","","GW5000D-NS","GOODWE","2018-02-28","PL104-PV0160","125-580","單相230"
"25600","PL104-PV0161","","PM-25600GT-H","POWER MASTER","2018-03-28","PL104-PV0161","300-1000","三相230/400"
"500","PL105-PV0001","","YC500A","APS","2018-07-20","PL105-PV0001","22-55","單相240"
"225","PL105-PV0002","","YC250A","APS","2018-07-20","PL105-PV0002","16-55","單相240"
"15000","PL105-PV0012","","PV-15000T-U","PrimeVOLT","2018-09-24","PL105-PV0012","180-980","三相220/380"
"2000","PL105-PV0014","","UNO-2.0-I-OUTD","ABB","2018-05-25","PL105-PV0014","90-520","單相180-264"
"2000","PL105-PV0015","","UNO-2.0-I-OUTD-S","ABB","2018-05-25","PL105-PV0015","90-520","單相180-264"
"2500","PL105-PV0016","","UNO-2.5-I-OUTD","ABB","2018-05-25","PL105-PV0016","90-520","單相180-264"
"2500","PL105-PV0017","","UNO-2.5-I-OUTD-S","ABB","2018-05-25","PL105-PV0017","90-520","單相180-264"
"3000","PL105-PV0018","","PVI-3.0-TL-OUTD","ABB","2018-05-25","PL105-PV0018","90-580","單相180-264"
"3000","PL105-PV0019","","PVI-3.0-TL-OUTD-S","ABB","2018-05-25","PL105-PV0019","90-580","單相180-264"
"3600","PL105-PV0020","","PVI-3.6-TL-OUTD","ABB","2018-05-25","PL105-PV0020","90-580","單相180-264"
"3600","PL105-PV0021","","PVI-3.6-TL-OUTD-S","ABB","2018-05-25","PL105-PV0021","90-580","單相180-264"
"4200","PL105-PV0022","","PVI-4.2-TL-OUTD","ABB","2018-05-25","PL105-PV0022","90-580","單相180-264"
"4200","PL105-PV0023","","PVI-4.2-TL-OUTD-S","ABB","2018-05-25","PL105-PV0023","90-580","單相180-264"
"5000","PL105-PV0024","","PVI-5000-TL-OUTD","ABB","2018-05-25","PL105-PV0024","90-580","單相180-264"
"5000","PL105-PV0025","","PVI-5000-TL-OUTD-S","ABB","2018-05-25","PL105-PV0025","90-580","單相180-264"
"6000","PL105-PV0026","","PVI-6000-TL-OUTD","ABB","2018-05-25","PL105-PV0026","90-580","單相180-264"
"6000","PL105-PV0027","","PVI-6000-TL-OUTD-S","ABB","2018-05-25","PL105-PV0027","90-580","單相180-264"
"10000","PL105-PV0028","","PVI-10.0-TL-OUTD","ABB","2018-05-25","PL105-PV0028","200-850","三相320-480"
"10000","PL105-PV0029","","PVI-10.0-TL-OUTD-FS","ABB","2018-05-25","PL105-PV0029","200-850","三相320-480"
"10000","PL105-PV0030","","PVI-10.0-TL-OUTD-S","ABB","2018-05-25","PL105-PV0030","200-850","三相320-480"
"12500","PL105-PV0031","","PVI-12.5-TL-OUTD","ABB","2018-05-25","PL105-PV0031","200-850","三相320-480"
"12500","PL105-PV0032","","PVI-12.5-TL-OUTD-FS","ABB","2018-05-25","PL105-PV0032","200-850","三相320-480"
"12500","PL105-PV0033","","PVI-12.5-TL-OUTD-S","ABB","2018-05-25","PL105-PV0033","200-850","三相320-480"
"5800","PL105-PV0034","","Trio-5.8-TL-OUTD-400","ABB","2018-05-25","PL105-PV0034","200-950","三相320-480"
"5800","PL105-PV0035","","Trio-5.8-TL-OUTD-S-400","ABB","2018-05-25","PL105-PV0035","200-950","三相320-480"
"7500","PL105-PV0036","","Trio-7.5-TL-OUTD-400","ABB","2018-05-25","PL105-PV0036","200-950","三相320-480"
"7500","PL105-PV0037","","Trio-7.5-TL-OUTD-S-400","ABB","2018-05-25","PL105-PV0037","200-950","三相320-480"
"8500","PL105-PV0038","","Trio-8.5-TL-OUTD-400","ABB","2018-05-25","PL105-PV0038","200-950","三相320-480"
"8500","PL105-PV0039","","Trio-8.5-TL-OUTD-S-400","ABB","2018-05-25","PL105-PV0039","200-950","三相320-480"
"20000","PL105-PV0040","","Trio-20.0-TL-OUTD-400","ABB","2018-05-25","PL105-PV0040","200-950","三相320-480"
"20000","PL105-PV0041","","Trio-20.0-TL-OUTD-S2-400","ABB","2018-05-25","PL105-PV0041","200-950","三相320-480"
"20000","PL105-PV0042","","Trio-20.0-TL-OUTD-S2F-400","ABB","2018-05-25","PL105-PV0042","200-950","三相320-480"
"20000","PL105-PV0043","","Trio-20.0-TL-OUTD-S2X-400","ABB","2018-05-25","PL105-PV0043","200-950","三相320-480"
"27600","PL105-PV0044","","Trio-27.6-TL-OUTD-400","ABB","2018-05-25","PL105-PV0044","200-950","三相320-480"
"27600","PL105-PV0045","","Trio-27.6-TL-OUTD-S2-400","ABB","2018-05-25","PL105-PV0045","200-950","三相320-480"
"27600","PL105-PV0046","","Trio-27.6-TL-OUTD-S2F-400","ABB","2018-05-25","PL105-PV0046","200-950","三相320-480"
"27600","PL105-PV0047","","Trio-27.6-TL-OUTD-S2X-400","ABB","2018-05-25","PL105-PV0047","200-950","三相320-480"
"30000","PL105-PV0048","","CPSPV30000ETL","Cyberpower","2018-08-08","PL105-PV0048","300-1000","三相230/400"
"33000","PL105-PV0049","","CPSPV33000ETL","Cyberpower","2018-08-08","PL105-PV0049","300-1000","三相230/400"
"40000","PL105-PV0050","","CPSPV40000ETL","Cyberpower","2018-08-08","PL105-PV0050","300-1000","三相277/480"
"1500","PL105-PV0053","","KSG-1.5K-SM","KSTAR","2018-12-14","PL105-PV0053","150-450","單相230"
"2000","PL105-PV0054","","KSG-2K-SM","KSTAR","2018-12-14","PL105-PV0054","150-450","單相230"
"3000","PL105-PV0055","","KSG-3K-SM","KSTAR","2018-12-14","PL105-PV0055","150-450","單相230"
"3600","PL105-PV0056","","KSG-3.6K-SM","KSTAR","2018-12-14","PL105-PV0056","150-450","單相230"
"3000","PL105-PV0057","","KSG-3K-DM","KSTAR","2018-12-14","PL105-PV0057","150-500","單相230"
"3600","PL105-PV0058","","KSG-3.6K-DM","KSTAR","2018-12-14","PL105-PV0058","150-500","單相230"
"4200","PL105-PV0059","","KSG-4.2K-DM","KSTAR","2018-12-14","PL105-PV0059","150-500","單相230"
"5000","PL105-PV0060","","KSG-5.0K-DM","KSTAR","2018-12-14","PL105-PV0060","150-500","單相230"
"1000","PL105-PV0061","","GROWATT 1000-S","GROWATT","2018-12-28","PL105-PV0061","70-450","單相220/230/240"
"1600","PL105-PV0062","","GROWATT 1500-S","GROWATT","2018-12-28","PL105-PV0062","70-450","單相220/230/240"
"2000","PL105-PV0063","","GROWATT 2000-S","GROWATT","2018-12-28","PL105-PV0063","70-450","單相220/230/240"
"3000","PL105-PV0064","","GROWATT 3000-S","GROWATT","2018-12-28","PL105-PV0064","70-550","單相220/230/240"
"2500","PL105-PV0065","","GROWATT 2500MTL-S","GROWATT","2018-12-28","PL105-PV0065","70-500","單相220/230/240"
"3000","PL105-PV0066","","GROWATT 3000MTL-S","GROWATT","2018-12-28","PL105-PV0066","70-500","單相220/230/240"
"3600","PL105-PV0067","","GROWATT 3600MTL-S","GROWATT","2018-12-28","PL105-PV0067","70-550","單相220/230/240"
"4200","PL105-PV0068","","GROWATT 4200MTL-S","GROWATT","2018-12-28","PL105-PV0068","70-550","單相220/230/240"
"4600","PL105-PV0069","","GROWATT 5000MTL-S","GROWATT","2018-12-28","PL105-PV0069","70-550","單相220/230/240"
"5000","PL105-PV0070","","GROWATT 5500MTL-S","GROWATT","2018-12-28","PL105-PV0070","70-550","單相220/230/240"
"49900","PL105-PV0071","","Powador 60.0TL3-M-INT","KACO","2018-02-14","PL105-PV0071","200-1000","三相400/230"
"60000","PL105-PV0076","","STP 60-10","SMA","2018-12-31","PL105-PV0076","565-1000","三相400-480"
"20000","PL105-PV0077","","TRINERGY PLUS 20KW","AEC","2018-11-29","PL105-PV0077","280-1000","三相230/400"
"25000","PL105-PV0078","","TRINERGY PLUS 25KW","AEC","2018-11-29","PL105-PV0078","280-1000","三相230/400"
"30000","PL105-PV0079","","TRINERGY PLUS 30KW","AEC","2018-11-29","PL105-PV0079","280-1000","三相230/400"
"286","PL105-PV0082","","RTMU300SAP2","Ritek","2018-05-17","PL105-PV0082","22-54","單相240"
"4000","PL105-PV0087","","GW4000-DT","GOODWE","2018-02-28","PL105-PV0087","200-800","三相400"
"5000","PL105-PV0088","","GW5000-DT","GOODWE","2018-02-28","PL105-PV0088","200-800","三相400"
"8000","PL105-PV0089","","GW8000-DT","GOODWE","2018-02-28","PL105-PV0089","200-850","三相400"
"9000","PL105-PV0090","","GW9000-DT","GOODWE","2018-02-28","PL105-PV0090","200-850","三相400"
"10000","PL105-PV0091","","GW10KN-DT","GOODWE","2018-02-28","PL105-PV0091","200-850","三相400"
"4000","PL105-PV0092","","GW4000L-DT","GOODWE","2018-02-28","PL105-PV0092","200-550","三相400"
"5000","PL105-PV0093","","GW5000L-DT","GOODWE","2018-02-28","PL105-PV0093","200-550","三相400"
"6000","PL105-PV0094","","GW6000L-DT","GOODWE","2018-02-28","PL105-PV0094","200-550","三相400"
"5000","PL105-PV0098","","GSI-5000","Mean Well","2018-11-27","PL105-PV0098","125-500","單相220"
"5000","PL105-PV0099","","GSI-5000A","Mean Well","2018-11-27","PL105-PV0099","125-500","單相220"
"5000","PL105-PV0106","","SLM-5000W-V","Solar Master","2018-09-24","PL105-PV0106","100-580","單相220"
"10000","PL105-PV0107","","SLM-10000T-U","Solar Master","2018-09-24","PL105-PV0107","180-980","三相220/380"
"20000","PL105-PV0108","","SLM-20000T-U","Solar Master","2018-09-24","PL105-PV0108","180-980","三相220/380"
"2900","PL105-PV0116","","PVMate 2900U","MOTECH","2018-02-14","PL105-PV0116","200-550","單相208/240"
"2900","PL105-PV0117","","PVMate 2900U-PG","MOTECH","2018-02-14","PL105-PV0117","200-550","單相208/240"
"3900","PL105-PV0118","","PVMate 3900U","MOTECH","2018-02-14","PL105-PV0118","200-550","單相208/240"
"3900","PL105-PV0119","","PVMate 3900U-PG","MOTECH","2018-02-14","PL105-PV0119","200-550","單相208/240"
"4900","PL105-PV0120","","PVMate 4900U","MOTECH","2018-02-14","PL105-PV0120","200-550","單相208/240"
"5300","PL105-PV0121","","PVMate 5300U","MOTECH","2018-02-14","PL105-PV0121","200-550","單相208/240"
"6500","PL105-PV0122","","PVMate 6500U","MOTECH","2018-02-14","PL105-PV0122","220-600","單相208/240/277"
"7500","PL105-PV0123","","PVMate 7500U","MOTECH","2018-02-14","PL105-PV0123","220-600","單相208/240/277"
"50000","PL105-PV0124","","TRIO-50.0-TL-OUTD","ABB","2018-05-25","PL105-PV0124","300-950","三相320-480"
"12000","PL105-PV0125","","PM-12000GT","POWER MASTER","2018-03-29","PL105-PV0125","300-1000","三相230/400"
"6000","PL105-PV0136","","ES 6000","Ablerex","2018-03-29","PL105-PV0136","300-1000","三相 230/400"
"8000","PL105-PV0137","","ES 8000","Ablerex","2018-03-29","PL105-PV0137","300-1000","三相 230/400"
"10000","PL105-PV0138","","ES 10000","Ablerex","2018-03-29","PL105-PV0138","300-1000","三相 230/400"
"12000","PL105-PV0139","","ES 12000","Ablerex","2018-03-29","PL105-PV0139","300-1000","三相 230/400"
"305000","PL105-PV0140","","PVM3.53.305.EM","LTi","2018-07-10","PL105-PV0140","530-1000","三相340"
"315000","PL105-PV0141","","PVM3.54.315.EM","LTi","2018-07-10","PL105-PV0141","540-1000","三相350"
"283000","PL105-PV0142","","PVM3.57.315.EM","LTi","2018-07-10","PL105-PV0142","570-1000","三相350"
"333000","PL105-PV0143","","PVM3.57.333.EM","LTi","2018-07-10","PL105-PV0143","570-1000","三相370"
"350000","PL105-PV0144","","PVM3.59.350.EM","LTi","2018-07-10","PL105-PV0144","590-1000","三相390"
"25000","PL105-PV0146","","STP 25000TL-30","SMA","2018-12-31","PL105-PV0146","390-1000","三相230/400"
"5000","PL105-PV0147","","Zeverlution 5000","Zeversolar","2018-04-09","PL105-PV0147","100-520","單相230"
"15000","PL105-PV0148","","PVMate 15E","MOTECH","2018-02-14","PL105-PV0148","400-850","三相400"
"20000","PL105-PV0149","","PVMate 20E","MOTECH","2018-02-14","PL105-PV0149","400-850","三相400"
"300","PL105-PV0150","","G320","Darfon","2018-03-29","PL105-PV0150","22-60","單相220"
"36000","PL105-PV0151","","SUN2000-36KTL","Huawei","2018-06-12","PL105-PV0151","200-1000","三相220/380"
"42000","PL105-PV0152","","SUN2000-42KTL","Huawei","2018-06-12","PL105-PV0152","200-1000","三相277/480"
"6000","PL105-PV0153","","SLK-6000","POWERCOM","2018-05-09","PL105-PV0153","100-600","單相230"
"80000","PL105-PV0154","","M88H_121","DELTA","2018-08-31","PL105-PV0154","200-1000","三相480"
"5000","PL105-PV0155","","RPI-H5A_120","DELTA","2018-08-31","PL105-PV0155","100-550","單相220"
"2000","PL105-PV0156","","CPSPV2000ETL","Cyberpower","2018-12-03","PL105-PV0156","100-550","單相230"
"3000","PL105-PV0157","","CPSPV3000ETL","Cyberpower","2018-12-03","PL105-PV0157","100-550","單相230"
"3600","PL105-PV0158","","CPSPV3600ETL","Cyberpower","2018-12-03","PL105-PV0158","100-550","單相230"
"4000","PL105-PV0159","","CPSPV4000ETL","Cyberpower","2018-12-03","PL105-PV0159","250-900","單相230"
"5000","PL105-PV0160","","CPSPV5000ETL","Cyberpower","2018-12-03","PL105-PV0160","250-900","單相230"
"7000","PL105-PV0161","","CPSPV7000ETL","Cyberpower","2018-08-08","PL105-PV0161","300-1000","三相230/400"
"8000","PL105-PV0162","","CPSPV8000ETL","Cyberpower","2018-08-08","PL105-PV0162","300-1000","三相230/400"
"9000","PL105-PV0163","","CPSPV9000ETL","Cyberpower","2018-08-08","PL105-PV0163","300-1000","三相230/400"
"10000","PL105-PV0164","","CPSPV10000ETL","Cyberpower","2018-08-08","PL105-PV0164","300-1000","三相230/400"
"12000","PL105-PV0165","","CPSPV12000ETL","Cyberpower","2018-08-08","PL105-PV0165","300-1000","三相230/400"
"18000","PL105-PV0166","","CPSPV18000ETL","Cyberpower","2018-08-08","PL105-PV0166","300-1000","三相230/400"
"20000","PL105-PV0167","","CPSPV20000ETL","Cyberpower","2018-08-08","PL105-PV0167","300-1000","三相230/400"
"3000","PL105-PV0168","","ES 3000H","Ablerex","2018-03-26","PL105-PV0168","120-500","單相230"
"4000","PL105-PV0169","","ES 4000H","Ablerex","2018-03-26","PL105-PV0169","120-500","單相230"
"5000","PL105-PV0170","","ES 5000H","Ablerex","2018-03-26","PL105-PV0170","120-500","單相230"
"3300","PL105-PV0171","","TOUGH-3300","AEC","2018-08-11","PL105-PV0171","150-500","單相220"
"4000","PL105-PV0172","","TOUGH-4000","AEC","2018-08-11","PL105-PV0172","150-500","單相220"
"5000","PL105-PV0173","","TOUGH-5000","AEC","2018-08-11","PL105-PV0173","150-500","單相220"
"10000","PL105-PV0174","","KSG-10K","KSTAR","2018-12-14","PL105-PV0174","250-950","三相400"
"12000","PL105-PV0175","","KSG-12K","KSTAR","2018-12-14","PL105-PV0175","250-950","三相400"
"15000","PL105-PV0176","","KSG-15K","KSTAR","2018-12-14","PL105-PV0176","250-950","三相400"
"17000","PL105-PV0177","","KSG-17K","KSTAR","2018-12-14","PL105-PV0177","250-950","三相400"
"20000","PL105-PV0178","","KSG-20K","KSTAR","2018-12-14","PL105-PV0178","250-950","三相400"
"30000","PL105-PV0179","","KSG-30K","KSTAR","2018-12-14","PL105-PV0179","250-950","三相400"
"36000","PL105-PV0180","","KSG-36K-HV","KSTAR","2018-12-14","PL105-PV0180","250-950","三相400"
"50000","PL105-PV0181","","KSG-50K","KSTAR","2018-12-14","PL105-PV0181","250-950","三相400"
"60000","PL105-PV0182","","KSG-60K","KSTAR","2018-12-14","PL105-PV0182","250-950","三相400"
"60000","PL105-PV0183","","KSG-60K-HV","KSTAR","2018-12-14","PL105-PV0183","250-950","三相400"
"3000","PL105-PV0184","","GW3000-NS","GOODWE","2018-02-28","PL105-PV0184","80-500","單相230"
"5000","PL105-PV0188","","PM-5000GT-H","POWER MASTER","2018-03-26","PL105-PV0188","120-500","單相230"
"25000","PL105-PV0189","","SE25K","Solaredge","2018-03-12","PL105-PV0189","750-830","三相220"
"27600","PL105-PV0190","","SE27.6K","Solaredge","2018-03-12","PL105-PV0190","750-830","三相220"
"7000","PL105-PV0191","","GROWATT 7000UE","GROWATT","2018-12-28","PL105-PV0191","180-1000","三相230/400"
"8000","PL105-PV0192","","GROWATT 8000UE","GROWATT","2018-12-28","PL105-PV0192","180-1000","三相230/400"
"9000","PL105-PV0193","","GROWATT 9000UE","GROWATT","2018-12-28","PL105-PV0193","180-1000","三相230/400"
"4600","PL105-PV0195","","MG5KTL-2M","INVT","2018-05-16","PL105-PV0195","120-550","單相230"
"30000","PL105-PV0196","","BG30KTR","INVT","2018-05-16","PL105-PV0196","280-800","三相230/400"
"1000","PL105-PV0197","","KSG-1K-SM3","KSTAR","2018-12-14","PL105-PV0197","100-490","單相230"
"1500","PL105-PV0198","","KSG-1.5K-SM3","KSTAR","2018-12-14","PL105-PV0198","100-490","單相230"
"2000","PL105-PV0199","","KSG-2K-SM3","KSTAR","2018-12-14","PL105-PV0199","100-490","單相230"
"3000","PL105-PV0200","","KSG-3K-SM3","KSTAR","2018-12-14","PL105-PV0200","100-490","單相230"
"3200","PL105-PV0201","","KSG-3.2K-DM3","KSTAR","2018-12-14","PL105-PV0201","100-490","單相230"
"3680","PL105-PV0202","","KSG-3.6K-DM3","KSTAR","2018-12-14","PL105-PV0202","100-490","單相230"
"4000","PL105-PV0203","","KSG-4K-DM3","KSTAR","2018-12-14","PL105-PV0203","100-490","單相230"
"4600","PL105-PV0204","","KSG-4.6K-DM3","KSTAR","2018-12-14","PL105-PV0204","100-490","單相230"
"5000","PL105-PV0205","","KSG-5K-DM3","KSTAR","2018-12-14","PL105-PV0205","100-490","單相230"
"3000","PL105-PV0206","","Conext RL3000E","Schneider","2018-11-30","PL105-PV0206","90-550","單相230"
"4000","PL105-PV0207","","Conext RL4000E","Schneider","2018-11-30","PL105-PV0207","90-550","單相230"
"5000","PL105-PV0208","","Conext RL5000E","Schneider","2018-11-30","PL105-PV0208","90-550","單相230"
"3300","PL105-PV0212","","Selfnergy-3300","AEC","2018-08-11","PL105-PV0212","150-500","單相220"
"4000","PL105-PV0213","","Selfnergy-4000","AEC","2018-08-11","PL105-PV0213","150-500","單相220"
"5000","PL105-PV0214","","Selfnergy-5000","AEC","2018-08-11","PL105-PV0214","150-500","單相220"
"300","PL106-PV0001","","EL-300","Enlux","2018-08-02","PL106-PV0001","30-50","單相240"
"33000","PL106-PV0003","","GROWATT 33000TL3-US","GROWATT","2018-12-28","PL106-PV0003","200-1000","三相480"
"36000","PL106-PV0004","","GROWATT 36000TL3-US","GROWATT","2018-12-28","PL106-PV0004","200-1000","三相480"
"40000","PL106-PV0005","","GROWATT 40000TL3-US","GROWATT","2018-12-28","PL106-PV0005","200-1000","三相480"
"30000","PL106-PV0006","","GROWATT 30000TL3-SE","GROWATT","2018-12-28","PL106-PV0006","200-1000","三相230/400"
"33000","PL106-PV0007","","GROWATT 33000TL3-SE","GROWATT","2018-12-28","PL106-PV0007","200-1000","三相230/400"
"40000","PL106-PV0008","","GROWATT 40000TL3-NSE","GROWATT","2018-12-28","PL106-PV0008","200-1000","三相230/400"
"50000","PL106-PV0009","","GROWATT 50000TL3-SE","GROWATT","2018-12-28","PL106-PV0009","200-1000","三相277/480"
"30000","PL106-PV0010","","GROWATT 30000TL3-S","GROWATT","2018-12-28","PL106-PV0010","200-1000","三相230/400"
"33000","PL106-PV0011","","GROWATT 33000TL3-S","GROWATT","2018-12-28","PL106-PV0011","200-1000","三相230/400"
"40000","PL106-PV0012","","GROWATT 40000TL3-NS","GROWATT","2018-12-28","PL106-PV0012","200-1000","三相230/400"
"50000","PL106-PV0013","","GROWATT 50000TL3-S","GROWATT","2018-12-28","PL106-PV0013","200-1000","三相277/480"
"25000","PL106-PV0015","","Conext CL25000E","Schneider","2019-01-07","PL106-PV0015","250-1000","三相400"
"50000","PL106-PV0016","","GW50K-MT","GOODWE","2018-02-28","PL106-PV0016","250-1000","三相400"
"60000","PL106-PV0017","","GW60K-MT","GOODWE","2018-02-28","PL106-PV0017","250-1000","三相400"
"33000","PL106-PV0020","","Zeverlution Pro 33K","Zeversolar","2018-04-09","PL106-PV0020","250-1000","三相220/380"
"3000","PL106-PV0021","","Zeverlution 3000S","Zeversolar","2018-04-09","PL106-PV0021","80-600","單相220"
"750000","PL106-PV0022","","EQX0750 UV320XN","Satcon","2018-02-06","PL106-PV0022","500-850","三相320"
"750000","PL106-PV0023","","EQX0750 UV320XP","Satcon","2018-02-06","PL106-PV0023","500-850","三相320"
"1000000","PL106-PV0024","","EQX1000 UV400XN","Satcon","2018-02-06","PL106-PV0024","615-850","三相400"
"1000000","PL106-PV0025","","EQX1000 UV400XP","Satcon","2018-02-06","PL106-PV0025","615-850","三相400"
"100000","PL106-PV0026","","PVS-100","Satcon","2018-02-06","PL106-PV0026","315-600","三相四線208"
"24000","PL106-PV0027","","Blueplanet 20.0 TL3 M2 WM OD IIG0","KACO","2018-02-14","PL106-PV0027","200-950","三相400/230"
"50000","PL106-PV0028","","Blueplanet 50.0 TL3 M1 WM OD IIGB","KACO","2018-02-14","PL106-PV0028","1100-","三相400/230"
"4600","PL106-PV0029","","Powador 5500","KACO","2018-02-14","PL106-PV0029","350-600","單相220"
"5500","PL106-PV0030","","Powador 6600","KACO","2018-02-14","PL106-PV0030","350-600","單相220"
"8000","PL106-PV0031","","Powador 9600","KACO","2018-02-14","PL106-PV0031","350-600","單相220"
"33000","PL106-PV0032","","SG33KTL-M","Sungrow","2018-03-19","PL106-PV0032","200-1000","三相/N/PE400V"
"50000","PL106-PV0033","","SG50KTL-M","Sungrow","2018-03-19","PL106-PV0033","300-1000","三相/N/PE400V"
"60000","PL106-PV0034","","SG60KTL","Sungrow","2018-03-19","PL106-PV0034","570-1000","三相/N/PE400V"
"30000","PL106-PV0035","","PV-30000T-U","PrimeVOLT","2018-09-24","PL106-PV0035","180-980","三相230/380"
"5000","PL106-PV0044","","STP5000TL-20","SMA","2018-12-31","PL106-PV0044","245-800","三相230/400"
"60000","PL106-PV0045","","Conext CL-60E","Schneider","2018-03-19","PL106-PV0045","570-950","三相400"
"15000","PL106-PV0046","","Eversol TLC15K","Zeversolar","2018-04-09","PL106-PV0046","270-950","三相220/380"
"17000","PL106-PV0047","","Eversol TLC17K","Zeversolar","2018-04-09","PL106-PV0047","270-950","三相220/380"
"20000","PL106-PV0048","","Eversol TLC20K","Zeversolar","2018-04-09","PL106-PV0048","270-950","三相220/380"
"500000","PL106-PV0050","","SG500MX","Sungrow","2018-03-19","PL106-PV0050","460-1000","三相315"
"2200","PL106-PV0051","","SE2200H","Solaredge","2018-03-05","PL106-PV0051","380-400","單相220/230"
"3000","PL106-PV0052","","SE3000H","Solaredge","2018-03-05","PL106-PV0052","380-480","單相220/230"
"3500","PL106-PV0053","","SE3500H","Solaredge","2018-03-05","PL106-PV0053","380-480","單相220/230"
"3680","PL106-PV0054","","SE3680H","Solaredge","2018-03-05","PL106-PV0054","380-480","單相220/230"
"33000","PL106-PV0055","","SE33.3K","Solaredge","2018-03-05","PL106-PV0055","840-1000","三相480/277"
"3000","PL106-PV0056","","ES 3000T","Ablerex","2018-03-26","PL106-PV0056","120-500","單相230"
"4000","PL106-PV0057","","ES 4000T","Ablerex","2018-03-26","PL106-PV0057","120-500","單相230"
"5000","PL106-PV0058","","ES 5000T","Ablerex","2018-03-26","PL106-PV0058","120-500","單相230"
"5500","PL106-PV0059","","ES 5500T","Ablerex","2018-03-26","PL106-PV0059","120-500","單相230"
"80000","PL106-PV0060","","M88H_122","Delta","2018-08-31","PL106-PV0060","200-1000","三相480"
"50000","PL106-PV0061","","RPI M50A_12S","Delta","2018-08-31","PL106-PV0061","200-1000","三相380"
"3000","PL106-PV0062","","H3_210","Delta","2018-08-31","PL106-PV0062","30-550","單相220"
"20000","PL106-PV0063","","SUN2000-20KTL","Huawei","2018-06-12","PL106-PV0063","200-1000","三相220/380"
"30000","PL106-PV0064","","SUN2000-33KTL","Huawei","2018-06-12","PL106-PV0064","200-1000","三相220/380"
"500000","PL106-PV0065","","GSL0500","KSTAR","2018-12-14","PL106-PV0065","450-850","三相315"
"30000","PL106-PV0066","","SLM- 30000T-U","Solar Master","2018-09-24","PL106-PV0066","180-980","三相220/380"
"2,200,000","PL106-PV0067","","SC-2200-10","SMA","2018-12-31","PL106-PV0067","570-950","三相385"
"2,500,000","PL106-PV0068","","SC-2500-EV-10","SMA","2018-12-31","PL106-PV0068","850-1425","三相550"
"3000","PL106-PV0069","","PV-3000E-V","PrimeVOLT","2018-04-26","PL106-PV0069","70-600","單相220"
"5000","PL106-PV0070","","PV-5000E-V","PrimeVOLT","2018-04-26","PL106-PV0070","70-600","單相220"
"4000","PL106-PV0071","","SE4000H","Solaredge","2018-03-12","PL106-PV0071","380-480","單相 220/230"
"5000","PL106-PV0072","","SE5000H","Solaredge","2018-03-12","PL106-PV0072","380-480","單相 220/230"
"6000","PL106-PV0073","","SE6000H","Solaredge","2018-03-12","PL106-PV0073","380-480","單相 220/230"
"60000","PL106-PV0074","","TRIO-60.0-TL-OUTD-480","ABB","2018-05-25","PL106-PV0074","360-950","三相 480"
"500000","PL106-PV0077","","EQMX0500UV320XN","Satcon","2018-02-06","PL106-PV0077","500-850","三相320"
"500000","PL106-PV0078","","EQMX0500UV320XP","Satcon","2018-02-06","PL106-PV0078","500-850","三相320"
"630000","PL106-PV0079","","EQMX0630UV400XN","Satcon","2018-02-06","PL106-PV0079","615-850","三相400"
"630000","PL106-PV0080","","EQMX0630UV400XP","Satcon","2018-02-06","PL106-PV0080","615-850","三相400"
"1000000","PL106-PV0081","","C1000","DELTA","2018-08-31","PL106-PV0081","520-1000","三相 350"
"1000000","PL106-PV0082","","KACO blueplanet 1000 TL3 1000 TL3 M1 GM OD USX0","KACO","2018-03-22","PL106-PV0082","550-1100","三相 370"
"8000","PL106-PV0083","","SUN2000-8KTL","Huawei","2018-06-12","PL106-PV0083","200-950","三相 220/380"
"12000","PL106-PV0084","","SUN2000-12KTL","Huawei","2018-06-12","PL106-PV0084","200-950","三相 220/380"
"17000","PL106-PV0085","","SUN2000-17KTL","Huawei","2018-06-12","PL106-PV0085","200-950","三相 220/380"
"540000","PL106-PV0086","","Conext Core XC540","Schneider","2019-01-07","PL106-PV0086","440-885","三相 300"
"630000","PL106-PV0087","","Conext Core XC630","Schneider","2019-01-07","PL106-PV0087","510-885","三相 350"
"680000","PL106-PV0088","","Conext Core XC680","Schneider","2019-01-07","PL106-PV0088","550-885","三相 380"
"1200","PL106-PV0089","","UNO-DM-1.2-TL-PLUS","ABB","2018-05-25","PL106-PV0089","90-580","單相 180-264"
"1200","PL106-PV0090","","UNO-DM-1.2-TL-PLUS-B","ABB","2018-05-25","PL106-PV0090","90-580","單相 180-264"
"1200","PL106-PV0091","","UNO-DM-1.2-TL-PLUS-SB","ABB","2018-05-25","PL106-PV0091","90-580","單相 180-264"
"2000","PL106-PV0092","","UNO-DM-2.0-TL-PLUS","ABB","2018-05-25","PL106-PV0092","90-580","單相 180-264"
"2000","PL106-PV0093","","UNO-DM-2.0-TL-PLUS-B","ABB","2018-05-25","PL106-PV0093","90-580","單相 180-264"
"2000","PL106-PV0094","","UNO-DM-2.0-TL-PLUS-SB","ABB","2018-05-25","PL106-PV0094","90-580","單相 180-264"
"3300","PL106-PV0095","","UNO-DM-3.3-TL-PLUS","ABB","2018-05-25","PL106-PV0095","90-580","單相 180-264"
"3300","PL106-PV0096","","UNO-DM-3.3-TL-PLUS-B","ABB","2018-05-25","PL106-PV0096","90-580","單相 180-264"
"3300","PL106-PV0097","","UNO-DM-3.3-TL-PLUS-SB","ABB","2018-05-25","PL106-PV0097","90-580","單相 180-264"
"4000","PL106-PV0098","","UNO-DM-4.0-TL-PLUS","ABB","2018-05-25","PL106-PV0098","90-580","單相 180-264"
"4000","PL106-PV0099","","UNO-DM-4.0-TL-PLUS-B","ABB","2018-05-25","PL106-PV0099","90-580","單相 180-264"
"4000","PL106-PV0100","","UNO-DM-4.0-TL-PLUS-SB","ABB","2018-05-25","PL106-PV0100","90-580","單相 180-264"
"4600","PL106-PV0101","","UNO-DM-4.6-TL-PLUS","ABB","2018-05-25","PL106-PV0101","90-580","單相 180-264"
"4600","PL106-PV0102","","UNO-DM-4.6-TL-PLUS-B","ABB","2018-05-25","PL106-PV0102","90-580","單相 180-264"
"4600","PL106-PV0103","","UNO-DM-4.6-TL-PLUS-SB","ABB","2018-05-25","PL106-PV0103","90-580","單相 180-264"
"5000","PL106-PV0104","","UNO-DM-5.0-TL-PLUS","ABB","2018-05-25","PL106-PV0104","90-580","單相 180-264"
"5000","PL106-PV0105","","UNO-DM-5.0-TL-PLUS-B","ABB","2018-05-25","PL106-PV0105","90-580","單相 180-264"
"5000","PL106-PV0106","","UNO-DM-5.0-TL-PLUS-SB","ABB","2018-05-25","PL106-PV0106","90-580","單相 180-264"
"500000","PL106-PV0107","","GROWATT CP500TL-S","GROWATT","2018-12-28","PL106-PV0107","600-900","三相400"
"630000","PL106-PV0108","","GROWATT CP630TL-S","GROWATT","2018-12-28","PL106-PV0108","600-900","三相400"
"850000","PL106-PV0109","","GROWATT CP850TL-S","GROWATT","2018-12-28","PL106-PV0109","600-900","三相400"
"1,645,000","PL106-PV0110","","PVS800-57B-1645kW-C","ABB","2018-11-22","PL106-PV0110","550-850","三相 380"
"1,732,000","PL106-PV0111","","PVS800-57B-1732kW-C","ABB","2018-11-22","PL106-PV0111","580-850","三相 400"
"1500","PL106-PV0112","","Galvo 1.5-1","Fronius","2018-09-30","PL106-PV0112","120-335","單相 220"
"2000","PL106-PV0113","","Galvo 2.0-1","Fronius","2018-09-30","PL106-PV0113","120-335","單相 220"
"2500","PL106-PV0114","","Galvo 2.5-1","Fronius","2018-09-30","PL106-PV0114","165-440","單相 220"
"3000","PL106-PV0115","","Galvo 3.0-1","Fronius","2018-09-30","PL106-PV0115","165-440","單相 220"
"3100","PL106-PV0116","","Galvo 3.1-1","Fronius","2018-09-30","PL106-PV0116","165-440","單相 220"
"20000","PL106-PV0117","","REFUsol 20K","REFUsol","2018-05-15","PL106-PV0117","490-850","三相 400"
"40000","PL106-PV0118","","REFUsol 40K","REFUsol","2018-05-15","PL106-PV0118","490-850","三相 400"
"36000","PL106-PV0119","","SG36KTL-M","Sungrow","2018-03-19","PL106-PV0119","200-1000","三相 400"
"4990","PL106-PV0119","","SG5K-D","Sungrow","2018-03-19","PL106-PV0119","90-600","單相 230"
"1670000","PL106-PV0120","","CS1670","Schneider","2018-11-07","PL106-PV0120","865-1500","三相575"
"50000","PL106-PV0120","","STP 50-40","SMA","2018-12-31","PL106-PV0120","500-800","三相 230/400"
"5000","PL106-PV0121","","PV-5000T-U","PrimeVOLT","2018-09-24","PL106-PV0121","180-198","三相220/380"
"1800000","PL106-PV0121","","CS1800","Schneider","2018-11-07","PL106-PV0121","865-1500","三相575"
"2000000","PL106-PV0122","","CS2000","Schneider","2018-11-07","PL106-PV0122","865-1500","三相575"
"8000","PL106-PV0122","","PV-8000T-U","PrimeVOLT","2018-09-24","PL106-PV0122","180-980","三相220/380"
"10000","PL106-PV0123","","PV-10000T-U","PrimeVOLT","2018-09-24","PL106-PV0123","180-980","三相220/380"
"1000000","PL106-PV0123","","SG1000","Sungrow","2018-09-20","PL106-PV0123","460-1000","三相 315"
"2000000","PL106-PV0124","","SG2000","Sungrow","2018-09-20","PL106-PV0124","460-1000","三相 315"
"3800","PL106-PV0124","","PVMate 3300MS","MOTECH","2018-02-14","PL106-PV0124","100-500","單相230"
"4400","PL106-PV0125","","PVMate 3800MS","MOTECH","2018-02-14","PL106-PV0125","100-500","單相230"
"630000","PL106-PV0125","","PVM3.54.0630.2M","LTi","2018-06-20","PL106-PV0125","540-1000","三相 350"
"945000","PL106-PV0126","","PVM3.54.0945.3M","LTi","2018-06-20","PL106-PV0126","540-1000","三相 350"
"5100","PL106-PV0126","","PVMate 4600MS","MOTECH","2018-02-14","PL106-PV0126","100-500","單相230"
"1260000","PL106-PV0127","","PVM3.54.1260.4M","LTi","2018-06-20","PL106-PV0127","540-1000","三相 350"
"1575000","PL106-PV0128","","PVM3.54.1575.5M","LTi","2018-06-20","PL106-PV0128","540-1000","三相 350"
"1890000","PL106-PV0129","","PVM3.54.1890.6M","LTi","2018-06-20","PL106-PV0129","540-1000","三相 350"
"666000","PL106-PV0130","","PVM3.57.0666.2M","LTi","2018-06-20","PL106-PV0130","570-1000","三相 370"
"999000","PL106-PV0131","","PVM3.57.0999.3M","LTi","2018-06-20","PL106-PV0131","570-1000","三相 370"
"1332000","PL106-PV0132","","PVM3.57.1332.4M","LTi","2018-06-20","PL106-PV0132","570-1000","三相 370"
"1665000","PL106-PV0133","","PVM3.57.1665.5M","LTi","2018-06-20","PL106-PV0133","570-1000","三相 370"
"1998000","PL106-PV0134","","PVM3.57.1998.6M","LTi","2018-06-20","PL106-PV0134","570-1000","三相 370"
"700000","PL106-PV0135","","PVM3.59.0700.2M","LTi","2018-06-20","PL106-PV0135","590-1000","三相 390"
"1050000","PL106-PV0136","","PVM3.59.1050.3M","LTi","2018-06-20","PL106-PV0136","590-1000","三相 390"
"1400000","PL106-PV0137","","PVM3.59.1400.4M","LTi","2018-06-20","PL106-PV0137","590-1000","三相 390"
"1750000","PL106-PV0138","","PVM3.59.1750.5M","LTi","2018-06-20","PL106-PV0138","590-1000","三相 390"
"2100000","PL106-PV0139","","PVM3.59.2100.6M","LTi","2018-06-20","PL106-PV0139","590-1000","三相 390"
"6000","PL106-PV0140","","GW6000D-NS","GOODWE","2018-02-28","PL106-PV0140","80-600","單相230"
"500000","PL106-PV0141","","EP-0500-A-LT","LT LIGHTING","2018-12-07","PL106-PV0141","450-820","三相315"
"10000","PL106-PV0142","","SYMO 10.0-3-M","Fronius","2018-3-17","PL106-PV0142","220-1000","三相230/400"
"12500","PL106-PV0143","","SYMO 12.5-3-M","Fronius","2018-3-17","PL106-PV0143","220-1000","三相230/400"
"15000","PL106-PV0144","","SYMO 15.0-3-M","Fronius","2018-3-17","PL106-PV0144","220-1000","三相230/400"
"17500","PL106-PV0145","","SYMO 17.5-3-M","Fronius","2018-3-17","PL106-PV0145","220-1000","三相230/400"
"20000","PL106-PV0146","","SYMO 20.0-3-M","Fronius","2018-3-17","PL106-PV0146","220-1000","三相230/400"
